-- MySQL dump 10.13  Distrib 5.6.19, for osx10.7 (i386)
--
-- Host: localhost    Database: upev0012016
-- ------------------------------------------------------
-- Server version	5.6.20

/*!40101 SET @OLD_CHARACTER_SET_CLIENT=@@CHARACTER_SET_CLIENT */;
/*!40101 SET @OLD_CHARACTER_SET_RESULTS=@@CHARACTER_SET_RESULTS */;
/*!40101 SET @OLD_COLLATION_CONNECTION=@@COLLATION_CONNECTION */;
/*!40101 SET NAMES utf8 */;
/*!40103 SET @OLD_TIME_ZONE=@@TIME_ZONE */;
/*!40103 SET TIME_ZONE='+00:00' */;
/*!40014 SET @OLD_UNIQUE_CHECKS=@@UNIQUE_CHECKS, UNIQUE_CHECKS=0 */;
/*!40014 SET @OLD_FOREIGN_KEY_CHECKS=@@FOREIGN_KEY_CHECKS, FOREIGN_KEY_CHECKS=0 */;
/*!40101 SET @OLD_SQL_MODE=@@SQL_MODE, SQL_MODE='NO_AUTO_VALUE_ON_ZERO' */;
/*!40111 SET @OLD_SQL_NOTES=@@SQL_NOTES, SQL_NOTES=0 */;

--
-- Table structure for table `Alumnos`
--

DROP TABLE IF EXISTS `Alumnos`;
/*!40101 SET @saved_cs_client     = @@character_set_client */;
/*!40101 SET character_set_client = utf8 */;
CREATE TABLE `Alumnos` (
  `idAlumnos` int(11) NOT NULL AUTO_INCREMENT,
  `idEvaluacion` int(11) NOT NULL,
  `AlumnosAcreditados` int(11) NOT NULL DEFAULT '0',
  `AlumnosInscritos` int(11) NOT NULL DEFAULT '0',
  `AlumnosEgresadosCohorte` int(11) NOT NULL DEFAULT '0',
  `AlumnosTotalesCohorte` int(11) NOT NULL DEFAULT '0',
  `AlumnosTituladosGeneracion` int(11) NOT NULL DEFAULT '0',
  `AlumnosEgresadosGeneracion` int(11) NOT NULL DEFAULT '0',
  `AlumnosInscritosNSIPN` int(11) NOT NULL DEFAULT '0',
  `AlumnosExamenNSIPN` int(11) NOT NULL DEFAULT '0',
  PRIMARY KEY (`idAlumnos`,`idEvaluacion`),
  KEY `fk_Alumnos_Evaluacion1_idx` (`idEvaluacion`),
  CONSTRAINT `idEvaluacion` FOREIGN KEY (`idEvaluacion`) REFERENCES `Evaluacion` (`idEvaluacion`) ON DELETE NO ACTION ON UPDATE NO ACTION
) ENGINE=InnoDB DEFAULT CHARSET=latin1;
/*!40101 SET character_set_client = @saved_cs_client */;

--
-- Dumping data for table `Alumnos`
--

LOCK TABLES `Alumnos` WRITE;
/*!40000 ALTER TABLE `Alumnos` DISABLE KEYS */;
/*!40000 ALTER TABLE `Alumnos` ENABLE KEYS */;
UNLOCK TABLES;

--
-- Table structure for table `Dimension`
--

DROP TABLE IF EXISTS `Dimension`;
/*!40101 SET @saved_cs_client     = @@character_set_client */;
/*!40101 SET character_set_client = utf8 */;
CREATE TABLE `Dimension` (
  `idDimension` int(11) NOT NULL AUTO_INCREMENT,
  `idFuncion` int(11) NOT NULL,
  `idEvaluacion` int(11) NOT NULL,
  `Nombre` varchar(200) NOT NULL,
  `Descripcion` varchar(200) DEFAULT NULL,
  `Valor` float NOT NULL DEFAULT '0',
  PRIMARY KEY (`idDimension`,`idFuncion`,`idEvaluacion`),
  KEY `fk_Dimension_Funcion1_idx` (`idFuncion`,`idEvaluacion`),
  CONSTRAINT `fk_Dimension_Funcion1` FOREIGN KEY (`idFuncion`, `idEvaluacion`) REFERENCES `Funcion` (`idFuncion`, `idEvaluacion`) ON DELETE NO ACTION ON UPDATE NO ACTION
) ENGINE=InnoDB DEFAULT CHARSET=latin1;
/*!40101 SET character_set_client = @saved_cs_client */;

--
-- Dumping data for table `Dimension`
--

LOCK TABLES `Dimension` WRITE;
/*!40000 ALTER TABLE `Dimension` DISABLE KEYS */;
/*!40000 ALTER TABLE `Dimension` ENABLE KEYS */;
UNLOCK TABLES;

--
-- Table structure for table `Elementos`
--

DROP TABLE IF EXISTS `Elementos`;
/*!40101 SET @saved_cs_client     = @@character_set_client */;
/*!40101 SET character_set_client = utf8 */;
CREATE TABLE `Elementos` (
  `idElementos` int(11) NOT NULL AUTO_INCREMENT,
  `idDimension` int(11) NOT NULL,
  `idFuncion` int(11) NOT NULL,
  `idEvaluacion` int(11) NOT NULL,
  `Nombre` varchar(200) NOT NULL,
  `Descripcion` varchar(200) DEFAULT NULL,
  `Valor` float NOT NULL DEFAULT '0',
  PRIMARY KEY (`idElementos`,`idDimension`,`idFuncion`,`idEvaluacion`),
  KEY `fk_Elementos_Dimension1_idx` (`idDimension`,`idFuncion`,`idEvaluacion`),
  CONSTRAINT `fk_Elementos_Dimension1` FOREIGN KEY (`idDimension`, `idFuncion`, `idEvaluacion`) REFERENCES `Dimension` (`idDimension`, `idFuncion`, `idEvaluacion`) ON DELETE NO ACTION ON UPDATE NO ACTION
) ENGINE=InnoDB DEFAULT CHARSET=latin1;
/*!40101 SET character_set_client = @saved_cs_client */;

--
-- Dumping data for table `Elementos`
--

LOCK TABLES `Elementos` WRITE;
/*!40000 ALTER TABLE `Elementos` DISABLE KEYS */;
/*!40000 ALTER TABLE `Elementos` ENABLE KEYS */;
UNLOCK TABLES;

--
-- Table structure for table `Evaluacion`
--

DROP TABLE IF EXISTS `Evaluacion`;
/*!40101 SET @saved_cs_client     = @@character_set_client */;
/*!40101 SET character_set_client = utf8 */;
CREATE TABLE `Evaluacion` (
  `idEvaluacion` int(11) NOT NULL AUTO_INCREMENT,
  `idUnidad` int(11) NOT NULL,
  `Nombre` varchar(100) NOT NULL,
  `Descripcion` varchar(200) DEFAULT NULL,
  `Al_rendimiento` float DEFAULT '0',
  `Al_eficiencia` float DEFAULT '0',
  `Al_titulacion` float DEFAULT '0',
  `Al_promocion` float DEFAULT '0',
  `Al_cal_rendimiento` int(11) DEFAULT '0' COMMENT '\n',
  `Al_cal_eficiencia` int(11) DEFAULT '0',
  `Al_cal_titulacion` int(11) DEFAULT '0',
  `Al_cal_promocion` int(11) DEFAULT '0',
  `Al_Total` float DEFAULT '0',
  `Do_aprovechamiento` float DEFAULT '0',
  `Do_activos` float DEFAULT '0',
  `Do_actualizados` float DEFAULT '0',
  `Do_desempeno` float DEFAULT '0',
  `Do_cal_aprovechamiento` int(11) DEFAULT '0',
  `Do_cal_activos` int(11) DEFAULT '0',
  `Do_cal_actualizados` int(11) DEFAULT '0',
  `Do_cal_desempeno` int(11) DEFAULT '0',
  `Do_Total` float DEFAULT '0',
  `Pr_evaluados` float DEFAULT '0',
  `Pr_cal_evaluados` int(11) DEFAULT '0',
  `Pr_Total` float DEFAULT '0',
  `In_talleres` float DEFAULT '0',
  `In_aulas` float DEFAULT '0',
  `In_laboratorios` float DEFAULT '0',
  `In_cal_talleres` int(11) DEFAULT '0',
  `In_cal_aulas` int(11) DEFAULT '0',
  `In_cal_laboratorios` int(11) DEFAULT '0',
  `In_Total` float DEFAULT '0',
  `Bc_manutencion` float DEFAULT '0',
  `Bc_cal_manutencion` int(11) DEFAULT '0',
  `Bc_Total` float DEFAULT '0',
  `Tu_alumnos` float DEFAULT '0',
  `Tu_cal_alumnos` int(11) DEFAULT '0',
  `Tu_Total` float DEFAULT '0',
  `Se_bibliotecas_actualizados` float DEFAULT '0',
  `Se_bibliotecas_alumnos` float DEFAULT '0',
  `Se_computo` float DEFAULT '0',
  `Se_ml_mantenimiento` float DEFAULT '0',
  `Se_ml_limpieza` float DEFAULT '0',
  `Se_cal_bibliotecas_actualizados` int(11) DEFAULT '0',
  `Se_cal_bibliotecas_alumnos` int(11) DEFAULT '0',
  `Se_cal_computo` int(11) DEFAULT '0',
  `Se_cal_ml_mantenimiento` int(11) DEFAULT '0',
  `Se_cal_ml_limpieza` int(11) DEFAULT '0',
  `Se_Total` float DEFAULT '0',
  `Ss_inscritos` float DEFAULT '0',
  `Ss_cal_inscritos` int(11) DEFAULT '0',
  `Ss_Total` float DEFAULT '0',
  `Ve_alumnos` float DEFAULT '0',
  `Ve_cal_alumnos` int(11) DEFAULT '0',
  `Ve_Total` float DEFAULT '0',
  `Pv_proyectos` float DEFAULT '0',
  `Pv_cal_proyectos` int(11) DEFAULT '0',
  `Pv_Total` float DEFAULT '0',
  `Ai_profesores` float DEFAULT '0',
  `Ai_cal_profesores` int(11) DEFAULT '0',
  `Ai_Total` float DEFAULT '0',
  `Pa_investigacion` float DEFAULT '0',
  `Pa_cal_investigacion` int(11) DEFAULT '0',
  `Pa_Total` float DEFAULT '0',
  `Ie_inovaciones` float DEFAULT '0',
  `Ie_investigaciones` float DEFAULT '0',
  `Ie_cal_inovaciones` int(11) DEFAULT '0',
  `Ie_cal_investigaciones` int(11) DEFAULT '0',
  `Ie_Total` float DEFAULT '0',
  `Ra_inversion` float DEFAULT '0',
  `Ra_cal_inversion` int(11) DEFAULT '0',
  `Ra_Total` float DEFAULT '0',
  PRIMARY KEY (`idEvaluacion`,`idUnidad`),
  KEY `idUnidadFK_idx` (`idUnidad`),
  CONSTRAINT `idUnidad2` FOREIGN KEY (`idUnidad`) REFERENCES `Unidad` (`idUnidad`) ON DELETE NO ACTION ON UPDATE NO ACTION
) ENGINE=InnoDB DEFAULT CHARSET=latin1;
/*!40101 SET character_set_client = @saved_cs_client */;

--
-- Dumping data for table `Evaluacion`
--

LOCK TABLES `Evaluacion` WRITE;
/*!40000 ALTER TABLE `Evaluacion` DISABLE KEYS */;
/*!40000 ALTER TABLE `Evaluacion` ENABLE KEYS */;
UNLOCK TABLES;

--
-- Table structure for table `Funcion`
--

DROP TABLE IF EXISTS `Funcion`;
/*!40101 SET @saved_cs_client     = @@character_set_client */;
/*!40101 SET character_set_client = utf8 */;
CREATE TABLE `Funcion` (
  `idFuncion` int(11) NOT NULL AUTO_INCREMENT,
  `idEvaluacion` int(11) NOT NULL,
  `Nombre` varchar(200) NOT NULL,
  `Descripcion` varchar(200) DEFAULT NULL,
  `Valor` float NOT NULL DEFAULT '0',
  PRIMARY KEY (`idFuncion`,`idEvaluacion`),
  KEY `funcion1_idx` (`idEvaluacion`),
  CONSTRAINT `funcion1` FOREIGN KEY (`idEvaluacion`) REFERENCES `Evaluacion` (`idEvaluacion`) ON DELETE NO ACTION ON UPDATE NO ACTION
) ENGINE=InnoDB DEFAULT CHARSET=latin1;
/*!40101 SET character_set_client = @saved_cs_client */;

--
-- Dumping data for table `Funcion`
--

LOCK TABLES `Funcion` WRITE;
/*!40000 ALTER TABLE `Funcion` DISABLE KEYS */;
/*!40000 ALTER TABLE `Funcion` ENABLE KEYS */;
UNLOCK TABLES;

--
-- Table structure for table `Indicador1`
--

DROP TABLE IF EXISTS `Indicador1`;
/*!40101 SET @saved_cs_client     = @@character_set_client */;
/*!40101 SET character_set_client = utf8 */;
CREATE TABLE `Indicador1` (
  `idIndicador1` int(11) NOT NULL AUTO_INCREMENT,
  `Nombre` varchar(1000) DEFAULT NULL,
  `Descripcion` varchar(1000) DEFAULT NULL,
  `Valor` float DEFAULT NULL,
  PRIMARY KEY (`idIndicador1`)
) ENGINE=InnoDB AUTO_INCREMENT=7 DEFAULT CHARSET=latin1;
/*!40101 SET character_set_client = @saved_cs_client */;

--
-- Dumping data for table `Indicador1`
--

LOCK TABLES `Indicador1` WRITE;
/*!40000 ALTER TABLE `Indicador1` DISABLE KEYS */;
INSERT INTO `Indicador1` VALUES (1,'Desempeño',NULL,25),(2,'Oferta educativa',NULL,25),(3,'Apoyo',NULL,15),(4,'Vinculación',NULL,15),(5,'Investigación',NULL,10),(6,'Gestión administrativa',NULL,10);
/*!40000 ALTER TABLE `Indicador1` ENABLE KEYS */;
UNLOCK TABLES;

--
-- Table structure for table `Indicador2`
--

DROP TABLE IF EXISTS `Indicador2`;
/*!40101 SET @saved_cs_client     = @@character_set_client */;
/*!40101 SET character_set_client = utf8 */;
CREATE TABLE `Indicador2` (
  `idIndicador2` int(11) NOT NULL AUTO_INCREMENT,
  `idIndicador1` int(11) NOT NULL,
  `Nombre` varchar(1000) DEFAULT NULL,
  `Descripcion` varchar(1000) DEFAULT NULL,
  `Valor` float DEFAULT NULL,
  PRIMARY KEY (`idIndicador2`,`idIndicador1`),
  KEY `idIndicador1_idx` (`idIndicador1`),
  CONSTRAINT `idIndicador1` FOREIGN KEY (`idIndicador1`) REFERENCES `Indicador1` (`idIndicador1`) ON DELETE NO ACTION ON UPDATE NO ACTION
) ENGINE=InnoDB AUTO_INCREMENT=5 DEFAULT CHARSET=latin1;
/*!40101 SET character_set_client = @saved_cs_client */;

--
-- Dumping data for table `Indicador2`
--

LOCK TABLES `Indicador2` WRITE;
/*!40000 ALTER TABLE `Indicador2` DISABLE KEYS */;
INSERT INTO `Indicador2` VALUES (1,1,'Alumnos',NULL,50),(2,1,'Pefil Docente',NULL,50),(3,2,'Programas académicos',NULL,50),(4,2,'Infraestructura',NULL,50);
/*!40000 ALTER TABLE `Indicador2` ENABLE KEYS */;
UNLOCK TABLES;

--
-- Table structure for table `Indicador3`
--

DROP TABLE IF EXISTS `Indicador3`;
/*!40101 SET @saved_cs_client     = @@character_set_client */;
/*!40101 SET character_set_client = utf8 */;
CREATE TABLE `Indicador3` (
  `idIndicador3` int(11) NOT NULL AUTO_INCREMENT,
  `idIndicador2` int(11) NOT NULL,
  `idIndicador1` int(11) NOT NULL,
  `Nombre` varchar(1000) DEFAULT NULL,
  `Descripcion` varchar(1000) DEFAULT NULL,
  `Valor` float DEFAULT NULL,
  PRIMARY KEY (`idIndicador3`,`idIndicador2`,`idIndicador1`),
  KEY `fk_Indicador3_Indicador21_idx` (`idIndicador2`,`idIndicador1`),
  CONSTRAINT `fk_Indicador3_Indicador21` FOREIGN KEY (`idIndicador2`, `idIndicador1`) REFERENCES `Indicador2` (`idIndicador2`, `idIndicador1`) ON DELETE NO ACTION ON UPDATE NO ACTION
) ENGINE=InnoDB AUTO_INCREMENT=15 DEFAULT CHARSET=latin1;
/*!40101 SET character_set_client = @saved_cs_client */;

--
-- Dumping data for table `Indicador3`
--

LOCK TABLES `Indicador3` WRITE;
/*!40000 ALTER TABLE `Indicador3` DISABLE KEYS */;
INSERT INTO `Indicador3` VALUES (1,1,1,'Rendimiento','Porcentaje de alumnos que han aprobado todas las unidades de aprendizaje en las que han estado inscritos por Unidad  académica',35),(2,1,1,'Eficiencia terminal','Porcentaje de alumnos que egresan por cohorte generacional por programa académico ',25),(3,1,1,'Titulación','Porcentaje de alumnos titulados hasta tres años después de egresar por programa académico',5),(4,1,1,'Promoción de NMS a NS','Porcentaje de alumnos de NMS del IPN que concluyeron el último semestre y presentaron examen de admision  y ocuparon un lugar en NS del IPN',35),(5,2,1,'Aprovechamiento de la planta docente','Total de horas frente a grupo por profesores de base por academia  25%',20),(6,2,1,'Docentes de asignatura activos en el sector productivo','Porcentaje de docentes contratados por asignatura activos en el sector productivo en coincidencia con el programa académico en el que intervienen 25%',15),(7,2,1,'Docentes actualizados en el área diciplinar','Porcentaje de profesores con por  lo menos una acción de actualización en su área disciplinar en los últimos dos años   25%',25),(8,2,1,'Desempeño docente por academia','Promedio de las evaluaciones individuales del cuestionario de apreciación estudiantil \r25%',40),(9,3,2,'Programas académicos evaluados','Porcentaje de   programas académicos con evaluación favorable en los últimos 4 años ',100),(10,4,2,'Capacidad de atención alumnos en relación a talleres y laboratorios','Capacidad de atención a alumnos por talleres y laboratorios por unidad académica y semestre\rSuma de Capacidad instalada de atención en laboratorios y talleres por el total de semestres, identificando la capacidad del taller o laboratotio con menor capacidad de cada semestre\r ',35),(11,4,2,'Aulas Equipadas','Aulas equipadas conforme al modelo ideal por unidad académica \r(Cañon, Internet, CPU, Pantalla, Pizarron, Butacas, Escritorio)\r',35),(12,4,2,'Laboratorios Equipado','Laboratorios equipados conforme currícula por programa académico por unidad académica y año',30);
/*!40000 ALTER TABLE `Indicador3` ENABLE KEYS */;
UNLOCK TABLES;

--
-- Table structure for table `Limites`
--

DROP TABLE IF EXISTS `Limites`;
/*!40101 SET @saved_cs_client     = @@character_set_client */;
/*!40101 SET character_set_client = utf8 */;
CREATE TABLE `Limites` (
  `idLimites` int(11) NOT NULL AUTO_INCREMENT,
  `Nivel` int(11) NOT NULL,
  `idIndicador` int(11) NOT NULL,
  `Nombre` varchar(50) NOT NULL,
  `Descripcion` varchar(200) DEFAULT NULL,
  `Valor` int(11) NOT NULL DEFAULT '0',
  `Inferior` float NOT NULL DEFAULT '0',
  `Superior` float NOT NULL DEFAULT '0',
  PRIMARY KEY (`idLimites`,`Nivel`,`idIndicador`)
) ENGINE=InnoDB AUTO_INCREMENT=71 DEFAULT CHARSET=latin1;
/*!40101 SET character_set_client = @saved_cs_client */;

--
-- Dumping data for table `Limites`
--

LOCK TABLES `Limites` WRITE;
/*!40000 ALTER TABLE `Limites` DISABLE KEYS */;
INSERT INTO `Limites` VALUES (1,1,1,'Deficiente','Se identifican áreas de atención urgente',1,0,50),(2,1,1,'Regular','Se necesitan mejorar controles',2,50,75),(3,1,1,'Bueno','Se sugiere implementar acciones de mejora',3,75,85),(4,1,1,'Muy bueno','Tomar medidas que permitan consolidar',4,85,95),(5,1,1,'Excelente ','Felicidades - Compartir buenas practicas',5,95,100),(6,3,1,'Malo',NULL,1,0.1,29.99),(7,3,1,'Suficiente',NULL,2,30,39.99),(8,3,1,'Regular',NULL,3,40,49.99),(9,3,1,'Bueno',NULL,4,50,59.99),(10,3,1,'Muy bueno',NULL,5,60,100),(11,3,2,'Malo',NULL,1,0.1,24.99),(12,3,2,'Suficiente',NULL,2,25,34.99),(13,3,2,'Regular',NULL,3,35,44.99),(14,3,2,'Bueno',NULL,4,45,59.99),(15,3,2,'Muy bueno',NULL,5,60,100),(16,3,3,'Malo',NULL,1,0.1,29.99),(17,3,3,'Suficiente',NULL,2,30,39.99),(18,3,3,'Regular',NULL,3,40,49.99),(19,3,3,'Bueno',NULL,4,50,59.99),(20,3,3,'Muy bueno',NULL,5,60,100),(21,3,4,'Malo',NULL,1,0.1,49.99),(22,3,4,'Suficiente',NULL,2,50,59.99),(23,3,4,'Regular',NULL,3,60,69.99),(24,3,4,'Bueno',NULL,4,70,84.99),(25,3,4,'Muy bueno',NULL,5,85,100),(26,3,5,'Malo',NULL,1,0.1,69.99),(27,3,5,'Suficiente',NULL,2,70,74.99),(28,3,5,'Regular',NULL,3,75,79.99),(29,3,5,'Bueno',NULL,4,80,84.99),(30,3,5,'Muy bueno',NULL,5,85,100),(31,3,6,'Malo',NULL,1,0.1,49.99),(32,3,6,'Suficiente',NULL,2,50,59.99),(33,3,6,'Regular',NULL,3,60,69.99),(34,3,6,'Bueno',NULL,4,70,79.99),(35,3,6,'Muy bueno',NULL,5,80,100),(36,3,7,'Malo',NULL,1,0.1,29.99),(37,3,7,'Suficiente',NULL,2,30,39.99),(38,3,7,'Regular',NULL,3,40,49.99),(39,3,7,'Bueno',NULL,4,50,59.99),(40,3,7,'Muy bueno',NULL,5,60,100),(41,3,8,'Malo',NULL,1,0.1,59.99),(42,3,8,'Suficiente',NULL,2,60,79.99),(43,3,8,'Regular',NULL,3,80,84.99),(44,3,8,'Bueno',NULL,4,85,89.99),(45,3,8,'Muy bueno',NULL,5,90,100),(46,3,9,'Malo',NULL,1,0.1,49.99),(47,3,9,'Suficiente',NULL,2,50,59.99),(48,3,9,'Regular',NULL,3,60,79.99),(49,3,9,'Bueno',NULL,4,80,89.99),(50,3,9,'Muy bueno',NULL,5,90,100),(51,3,10,'Malo',NULL,1,0.1,74.99),(52,3,10,'Regular',NULL,3,75,94.99),(53,3,10,'Muy bueno',NULL,5,95,105),(54,3,10,'Malo',NULL,2,105.01,120),(55,3,10,'Muy malo',NULL,1,120.01,200),(56,3,11,'Malo',NULL,1,0.1,49.99),(57,3,11,'Suficiente',NULL,2,50,59.99),(58,3,11,'Regular',NULL,3,60,69.99),(59,3,11,'Bueno',NULL,4,70,84.99),(60,3,11,'Muy bueno',NULL,5,85,200),(61,3,12,'Malo',NULL,1,0.1,79.99),(62,3,12,'Suficiente',NULL,2,80,84.99),(63,3,12,'Regular',NULL,3,85,89.99),(64,3,12,'Bueno',NULL,4,90,94.99),(65,3,12,'Muy bueno',NULL,5,95,200),(66,1,2,'Deficiente','Se identifican áreas de atención urgente',1,0,50),(67,1,2,'Regular','Se necesitan mejorar controles',2,50,75),(68,1,2,'Bueno','Se sugiere implementar acciones de mejora',3,75,85),(69,1,2,'Muy bueno','Tomar medidas que permitan consolidar',4,85,95),(70,1,2,'Excelente ','Felicidades - Compartir buenas practicas',5,95,100);
/*!40000 ALTER TABLE `Limites` ENABLE KEYS */;
UNLOCK TABLES;

--
-- Table structure for table `Roles`
--

DROP TABLE IF EXISTS `Roles`;
/*!40101 SET @saved_cs_client     = @@character_set_client */;
/*!40101 SET character_set_client = utf8 */;
CREATE TABLE `Roles` (
  `idRoles` int(11) NOT NULL AUTO_INCREMENT,
  `Nombre` varchar(45) NOT NULL,
  `Descripcion` varchar(200) NOT NULL,
  PRIMARY KEY (`idRoles`)
) ENGINE=InnoDB DEFAULT CHARSET=latin1;
/*!40101 SET character_set_client = @saved_cs_client */;

--
-- Dumping data for table `Roles`
--

LOCK TABLES `Roles` WRITE;
/*!40000 ALTER TABLE `Roles` DISABLE KEYS */;
/*!40000 ALTER TABLE `Roles` ENABLE KEYS */;
UNLOCK TABLES;

--
-- Table structure for table `Unidad`
--

DROP TABLE IF EXISTS `Unidad`;
/*!40101 SET @saved_cs_client     = @@character_set_client */;
/*!40101 SET character_set_client = utf8 */;
CREATE TABLE `Unidad` (
  `idUnidad` int(11) NOT NULL AUTO_INCREMENT,
  `Nombre` varchar(200) NOT NULL,
  `Siglas` varchar(45) NOT NULL,
  `Extension` int(11) DEFAULT NULL,
  `Direccion` varchar(300) DEFAULT NULL,
  PRIMARY KEY (`idUnidad`)
) ENGINE=InnoDB AUTO_INCREMENT=2 DEFAULT CHARSET=latin1;
/*!40101 SET character_set_client = @saved_cs_client */;

--
-- Dumping data for table `Unidad`
--

LOCK TABLES `Unidad` WRITE;
/*!40000 ALTER TABLE `Unidad` DISABLE KEYS */;
INSERT INTO `Unidad` VALUES (1,'Escuela Test','TEST',22,NULL);
/*!40000 ALTER TABLE `Unidad` ENABLE KEYS */;
UNLOCK TABLES;

--
-- Table structure for table `Usuarios`
--

DROP TABLE IF EXISTS `Usuarios`;
/*!40101 SET @saved_cs_client     = @@character_set_client */;
/*!40101 SET character_set_client = utf8 */;
CREATE TABLE `Usuarios` (
  `idUsuarios` int(11) NOT NULL AUTO_INCREMENT,
  `idRoles` int(11) NOT NULL,
  `idUnidad` int(11) NOT NULL,
  `Nombre` varchar(45) NOT NULL,
  `ApellidoPaterno` varchar(45) NOT NULL,
  `ApellidoMaterno` varchar(45) DEFAULT NULL,
  `Username` varchar(45) NOT NULL,
  `Password` varchar(45) NOT NULL,
  `Email` varchar(100) NOT NULL,
  `Telefono` int(11) DEFAULT NULL,
  PRIMARY KEY (`idUsuarios`),
  KEY `idUnidad_idx` (`idUnidad`),
  KEY `idRoles_idx` (`idRoles`),
  CONSTRAINT `idRoles` FOREIGN KEY (`idRoles`) REFERENCES `Roles` (`idRoles`) ON DELETE NO ACTION ON UPDATE NO ACTION,
  CONSTRAINT `idUnidad` FOREIGN KEY (`idUnidad`) REFERENCES `Unidad` (`idUnidad`) ON DELETE NO ACTION ON UPDATE NO ACTION
) ENGINE=InnoDB DEFAULT CHARSET=latin1;
/*!40101 SET character_set_client = @saved_cs_client */;

--
-- Dumping data for table `Usuarios`
--

LOCK TABLES `Usuarios` WRITE;
/*!40000 ALTER TABLE `Usuarios` DISABLE KEYS */;
/*!40000 ALTER TABLE `Usuarios` ENABLE KEYS */;
UNLOCK TABLES;

--
-- Table structure for table `users`
--

DROP TABLE IF EXISTS `users`;
/*!40101 SET @saved_cs_client     = @@character_set_client */;
/*!40101 SET character_set_client = utf8 */;
CREATE TABLE `users` (
  `id` tinyint(4) NOT NULL AUTO_INCREMENT,
  `username` varchar(200) NOT NULL,
  `password` varchar(100) NOT NULL,
  PRIMARY KEY (`id`)
) ENGINE=MyISAM AUTO_INCREMENT=11 DEFAULT CHARSET=latin1;
/*!40101 SET character_set_client = @saved_cs_client */;

--
-- Dumping data for table `users`
--

LOCK TABLES `users` WRITE;
/*!40000 ALTER TABLE `users` DISABLE KEYS */;
INSERT INTO `users` VALUES (10,'fred_turnerr@hotmail.com','15c0bb4a5df53fbf63bb21a6d8a8ef26'),(8,'tavo_m91@hotmail.com','827ccb0eea8a706c4c34a16891f84e7b');
/*!40000 ALTER TABLE `users` ENABLE KEYS */;
UNLOCK TABLES;
/*!40103 SET TIME_ZONE=@OLD_TIME_ZONE */;

/*!40101 SET SQL_MODE=@OLD_SQL_MODE */;
/*!40014 SET FOREIGN_KEY_CHECKS=@OLD_FOREIGN_KEY_CHECKS */;
/*!40014 SET UNIQUE_CHECKS=@OLD_UNIQUE_CHECKS */;
/*!40101 SET CHARACTER_SET_CLIENT=@OLD_CHARACTER_SET_CLIENT */;
/*!40101 SET CHARACTER_SET_RESULTS=@OLD_CHARACTER_SET_RESULTS */;
/*!40101 SET COLLATION_CONNECTION=@OLD_COLLATION_CONNECTION */;
/*!40111 SET SQL_NOTES=@OLD_SQL_NOTES */;

-- Dump completed on 2016-03-26 23:31:03
